Annual,Spring,Fall
3.70183278008321e-07,2.87383942733799e-07,8.27993352745212e-08
6.6661804701751e-08,5.65711772426673e-08,1.69541061725847e-08
0.180077838902957,0.1968487755597,0.204761380225739
1,0.776328807395076,0.223671192604924
