10th Pctile,15th Pctile,20th Pctile,25th Pctile
59.7045454545455,72.6136363636364,81.1818181818182,89.6590909090909
9.94772276255609,9.2891932938625,9.85304280064233,9.33097662282622
