Dust at MinOrMax,DayOfYear
2.79737855102269e-09,112
2.06569001487411e-10,360
